mode,date,day_of_week,bound,min_delay,min_gap,location,line
Subway,2024-06-29,Saturday,West,15,15,DUNDAS,NA
Streetcar,2024-02-16,Friday,North,18,14,OTHER,501
Bus,2024-02-15,Thursday,South,6,21,YORKDALE,NA
Bus,2024-03-06,Wednesday,East,8,7,DUNDAS,NA
Subway,2024-06-15,Saturday,South,3,9,OTHER,NA
Bus,2024-03-02,Saturday,South,20,28,DUNDAS,NA
Subway,2024-03-15,Friday,South,1,4,YORKDALE,NA
Streetcar,2024-02-16,Friday,North,3,40,OTHER,510
Bus,2024-09-15,Sunday,North,35,23,OTHER,NA
Streetcar,2024-02-11,Sunday,West,6,29,DUNDAS,501
Bus,2024-01-13,Saturday,West,1,10,OTHER,NA
Subway,2024-04-01,Monday,North,1,10,YORKDALE,NA
Subway,2024-10-06,Sunday,East,15,20,YORKDALE,NA
Bus,2024-07-05,Friday,South,15,7,DUNDAS,NA
Subway,2024-03-16,Saturday,North,24,17,YORKDALE,NA
Bus,2024-05-15,Wednesday,South,20,19,DUNDAS,NA
Bus,2024-01-24,Wednesday,South,8,21,DUNDAS,NA
Bus,2024-08-23,Friday,South,16,30,DUNDAS,NA
Streetcar,2024-03-24,Sunday,North,3,22,YORKDALE,510
Streetcar,2024-03-17,Sunday,East,27,24,YORKDALE,OTHER
Bus,2024-05-07,Tuesday,South,12,13,DUNDAS,NA
Bus,2024-04-02,Tuesday,South,6,13,DUNDAS,NA
Bus,2024-04-24,Wednesday,West,20,5,DUNDAS,NA
Bus,2024-09-07,Saturday,East,11,29,DUNDAS,NA
Subway,2024-03-11,Monday,West,7,12,YORKDALE,NA
Bus,2024-05-23,Thursday,North,2,24,OTHER,NA
Bus,2024-03-29,Friday,South,2,10,YORKDALE,NA
Subway,2024-07-18,Thursday,East,1,19,DUNDAS,NA
Bus,2024-02-05,Monday,West,55,13,YORKDALE,NA
Bus,2024-08-31,Saturday,West,21,9,YORKDALE,NA
Streetcar,2024-03-30,Saturday,East,28,22,YORKDALE,OTHER
Streetcar,2024-04-09,Tuesday,South,11,23,YORKDALE,510
Subway,2024-02-17,Saturday,North,9,4,OTHER,NA
Streetcar,2024-05-16,Thursday,South,8,18,YORKDALE,510
Subway,2024-08-23,Friday,South,3,12,OTHER,NA
Subway,2024-03-01,Friday,East,4,8,YORKDALE,NA
Bus,2024-05-05,Sunday,North,14,17,OTHER,NA
Bus,2024-06-27,Thursday,North,5,14,OTHER,NA
Bus,2024-08-08,Thursday,West,7,29,DUNDAS,NA
Bus,2024-01-09,Tuesday,West,1,19,YORKDALE,NA
Bus,2024-05-05,Sunday,East,1,25,YORKDALE,NA
Bus,2024-08-31,Saturday,North,7,14,YORKDALE,NA
Bus,2024-09-28,Saturday,West,21,23,DUNDAS,NA
Bus,2024-05-23,Thursday,South,5,9,OTHER,NA
Subway,2024-01-08,Monday,North,15,5,OTHER,NA
Bus,2024-08-08,Thursday,West,2,15,OTHER,NA
Streetcar,2024-08-26,Monday,South,59,20,DUNDAS,510
Streetcar,2024-04-28,Sunday,West,4,37,OTHER,510
Streetcar,2024-08-23,Friday,South,14,32,OTHER,501
Bus,2024-06-23,Sunday,West,9,20,DUNDAS,NA
Streetcar,2024-02-25,Sunday,East,21,20,YORKDALE,501
Streetcar,2024-01-13,Saturday,East,8,17,DUNDAS,501
Streetcar,2024-06-07,Friday,West,7,41,DUNDAS,510
Bus,2024-06-10,Monday,North,28,15,OTHER,NA
Bus,2024-04-09,Tuesday,North,6,9,DUNDAS,NA
Bus,2024-06-05,Wednesday,North,5,11,DUNDAS,NA
Bus,2024-09-10,Tuesday,West,10,15,DUNDAS,NA
Subway,2024-05-16,Thursday,South,11,19,DUNDAS,NA
Subway,2024-09-08,Sunday,South,9,3,YORKDALE,NA
Streetcar,2024-07-30,Tuesday,South,1,19,OTHER,OTHER
Bus,2024-01-22,Monday,West,30,18,DUNDAS,NA
Bus,2024-04-16,Tuesday,West,38,17,OTHER,NA
Subway,2024-08-15,Thursday,West,2,17,YORKDALE,NA
Streetcar,2024-06-07,Friday,North,12,25,YORKDALE,501
Subway,2024-04-30,Tuesday,South,6,17,DUNDAS,NA
Streetcar,2024-02-12,Monday,West,13,33,OTHER,OTHER
Streetcar,2024-05-12,Sunday,North,2,43,DUNDAS,510
Subway,2024-06-15,Saturday,West,15,10,OTHER,NA
Bus,2024-09-23,Monday,South,3,10,YORKDALE,NA
Bus,2024-06-04,Tuesday,South,3,14,OTHER,NA
Subway,2024-05-30,Thursday,South,8,17,OTHER,NA
Bus,2024-10-19,Saturday,West,4,27,DUNDAS,NA
Subway,2024-08-28,Wednesday,South,2,19,DUNDAS,NA
Streetcar,2024-03-10,Sunday,North,5,26,YORKDALE,510
Subway,2024-09-03,Tuesday,East,3,7,YORKDALE,NA
Streetcar,2024-02-15,Thursday,South,6,37,YORKDALE,501
Streetcar,2024-01-25,Thursday,East,9,45,OTHER,OTHER
Subway,2024-01-02,Tuesday,East,5,12,YORKDALE,NA
Bus,2024-03-07,Thursday,East,5,29,YORKDALE,NA
Subway,2024-09-26,Thursday,South,24,5,YORKDALE,NA
Bus,2024-06-06,Thursday,East,5,9,DUNDAS,NA
Streetcar,2024-10-06,Sunday,West,1,18,YORKDALE,510
Bus,2024-07-25,Thursday,North,3,25,YORKDALE,NA
Bus,2024-08-05,Monday,South,0,8,DUNDAS,NA
Bus,2024-10-24,Thursday,West,4,24,DUNDAS,NA
Streetcar,2024-06-02,Sunday,East,7,15,DUNDAS,510
Subway,2024-07-04,Thursday,West,9,17,YORKDALE,NA
Bus,2024-08-17,Saturday,East,15,18,DUNDAS,NA
Bus,2024-05-21,Tuesday,West,22,12,YORKDALE,NA
Bus,2024-05-06,Monday,West,3,13,DUNDAS,NA
Bus,2024-09-27,Friday,South,2,25,DUNDAS,NA
Bus,2024-03-07,Thursday,East,4,27,OTHER,NA
Bus,2024-01-14,Sunday,North,7,19,YORKDALE,NA
Bus,2024-06-16,Sunday,East,1,23,YORKDALE,NA
Bus,2024-04-18,Thursday,East,2,19,DUNDAS,NA
Streetcar,2024-01-20,Saturday,West,4,44,OTHER,501
Subway,2024-07-16,Tuesday,North,19,10,YORKDALE,NA
Bus,2024-05-17,Friday,North,2,19,OTHER,NA
Streetcar,2024-08-13,Tuesday,West,6,26,DUNDAS,501
Bus,2024-03-13,Wednesday,South,6,8,YORKDALE,NA
Bus,2024-05-28,Tuesday,East,20,25,DUNDAS,NA
Bus,2024-06-05,Wednesday,East,33,20,OTHER,NA
Bus,2024-05-22,Wednesday,South,3,12,YORKDALE,NA
Streetcar,2024-05-10,Friday,South,3,32,OTHER,501
Streetcar,2024-09-06,Friday,West,13,25,YORKDALE,OTHER
Subway,2024-05-22,Wednesday,South,11,5,OTHER,NA
Bus,2024-05-15,Wednesday,North,10,28,YORKDALE,NA
Streetcar,2024-06-04,Tuesday,North,15,12,DUNDAS,OTHER
Streetcar,2024-04-18,Thursday,East,20,42,DUNDAS,510
Bus,2024-09-06,Friday,East,0,18,OTHER,NA
Bus,2024-06-27,Thursday,East,3,24,DUNDAS,NA
Streetcar,2024-10-13,Sunday,North,15,19,DUNDAS,501
Bus,2024-09-18,Wednesday,South,22,6,DUNDAS,NA
Bus,2024-09-07,Saturday,North,9,17,OTHER,NA
Subway,2024-07-26,Friday,North,0,10,OTHER,NA
Bus,2024-10-07,Monday,West,0,30,DUNDAS,NA
Bus,2024-03-26,Tuesday,East,3,23,OTHER,NA
Streetcar,2024-07-27,Saturday,South,26,13,YORKDALE,510
Subway,2024-03-12,Tuesday,West,7,9,OTHER,NA
Streetcar,2024-03-17,Sunday,West,6,11,YORKDALE,OTHER
Bus,2024-01-11,Thursday,West,35,5,OTHER,NA
Bus,2024-10-03,Thursday,South,33,8,OTHER,NA
Subway,2024-10-21,Monday,East,1,3,OTHER,NA
Bus,2024-07-19,Friday,West,1,17,YORKDALE,NA
Bus,2024-08-30,Friday,North,1,14,OTHER,NA
Streetcar,2024-10-15,Tuesday,East,24,11,OTHER,OTHER
Bus,2024-10-10,Thursday,South,24,14,OTHER,NA
Subway,2024-08-12,Monday,West,1,19,DUNDAS,NA
Bus,2024-07-15,Monday,East,4,24,OTHER,NA
Bus,2024-08-07,Wednesday,North,42,20,OTHER,NA
Streetcar,2024-06-04,Tuesday,East,19,43,DUNDAS,510
Bus,2024-06-19,Wednesday,North,27,28,DUNDAS,NA
Bus,2024-10-02,Wednesday,East,3,15,DUNDAS,NA
Streetcar,2024-02-18,Sunday,East,7,35,YORKDALE,501
Bus,2024-05-19,Sunday,South,44,8,DUNDAS,NA
Streetcar,2024-05-03,Friday,West,18,15,OTHER,OTHER
Subway,2024-02-26,Monday,West,9,14,DUNDAS,NA
Bus,2024-07-04,Thursday,West,53,15,OTHER,NA
Bus,2024-03-01,Friday,East,5,10,DUNDAS,NA
Bus,2024-04-15,Monday,South,1,15,YORKDALE,NA
Streetcar,2024-09-27,Friday,West,21,33,DUNDAS,510
Bus,2024-09-08,Sunday,East,43,8,YORKDALE,NA
Bus,2024-06-15,Saturday,North,24,11,YORKDALE,NA
Streetcar,2024-01-28,Sunday,North,6,17,YORKDALE,501
Bus,2024-10-15,Tuesday,North,4,24,DUNDAS,NA
Bus,2024-10-14,Monday,East,2,8,DUNDAS,NA
Streetcar,2024-09-23,Monday,North,8,14,DUNDAS,501
Streetcar,2024-08-29,Thursday,South,34,27,DUNDAS,510
Streetcar,2024-07-14,Sunday,South,18,26,OTHER,510
Bus,2024-07-15,Monday,South,4,17,OTHER,NA
Bus,2024-10-12,Saturday,West,13,5,OTHER,NA
Bus,2024-05-04,Saturday,South,5,11,DUNDAS,NA
Bus,2024-08-24,Saturday,North,7,19,OTHER,NA
Subway,2024-07-16,Tuesday,North,1,11,YORKDALE,NA
Bus,2024-08-06,Tuesday,North,14,22,DUNDAS,NA
Bus,2024-10-17,Thursday,West,16,25,OTHER,NA
Subway,2024-04-25,Thursday,West,1,8,OTHER,NA
Streetcar,2024-03-22,Friday,West,22,37,YORKDALE,501
Subway,2024-02-01,Thursday,North,8,9,YORKDALE,NA
Streetcar,2024-02-09,Friday,South,17,11,YORKDALE,501
Subway,2024-03-22,Friday,East,0,15,DUNDAS,NA
Streetcar,2024-04-05,Friday,East,3,32,OTHER,501
Streetcar,2024-09-30,Monday,North,7,17,YORKDALE,510
Bus,2024-01-18,Thursday,West,44,13,YORKDALE,NA
Subway,2024-05-13,Monday,North,34,17,YORKDALE,NA
Streetcar,2024-06-24,Monday,South,5,44,YORKDALE,OTHER
Bus,2024-10-16,Wednesday,North,19,20,YORKDALE,NA
Bus,2024-06-02,Sunday,West,56,10,DUNDAS,NA
Bus,2024-03-20,Wednesday,North,2,18,DUNDAS,NA
Subway,2024-09-29,Sunday,North,2,20,YORKDALE,NA
Streetcar,2024-06-07,Friday,North,22,23,YORKDALE,501
Bus,2024-10-22,Tuesday,North,8,25,YORKDALE,NA
Bus,2024-07-10,Wednesday,East,12,7,DUNDAS,NA
Bus,2024-03-08,Friday,South,8,12,DUNDAS,NA
Streetcar,2024-06-20,Thursday,North,13,16,OTHER,501
Streetcar,2024-08-16,Friday,North,6,33,OTHER,OTHER
Subway,2024-01-01,Monday,North,10,19,DUNDAS,NA
Bus,2024-07-06,Saturday,East,12,25,YORKDALE,NA
Streetcar,2024-02-25,Sunday,North,25,18,DUNDAS,501
Bus,2024-04-23,Tuesday,South,22,24,DUNDAS,NA
Bus,2024-10-15,Tuesday,East,2,9,OTHER,NA
Bus,2024-02-28,Wednesday,West,10,25,DUNDAS,NA
Subway,2024-04-14,Sunday,East,13,4,DUNDAS,NA
Bus,2024-09-22,Sunday,South,1,10,DUNDAS,NA
Bus,2024-10-18,Friday,North,42,22,OTHER,NA
Streetcar,2024-06-10,Monday,North,23,13,OTHER,510
Bus,2024-01-23,Tuesday,West,12,15,DUNDAS,NA
Subway,2024-08-14,Wednesday,South,7,16,YORKDALE,NA
Bus,2024-06-27,Thursday,North,10,10,DUNDAS,NA
Bus,2024-09-04,Wednesday,South,1,8,OTHER,NA
Streetcar,2024-07-15,Monday,East,15,13,DUNDAS,OTHER
Bus,2024-01-06,Saturday,North,22,9,DUNDAS,NA
Streetcar,2024-03-09,Saturday,West,7,26,DUNDAS,510
Subway,2024-02-06,Tuesday,South,12,5,DUNDAS,NA
Streetcar,2024-06-12,Wednesday,East,22,32,DUNDAS,510
Bus,2024-05-11,Saturday,South,13,29,YORKDALE,NA
Subway,2024-02-29,Thursday,South,10,5,OTHER,NA
Bus,2024-04-03,Wednesday,West,21,6,OTHER,NA
Bus,2024-05-31,Friday,East,6,11,OTHER,NA
Streetcar,2024-02-07,Wednesday,West,26,25,DUNDAS,501
Bus,2024-01-20,Saturday,East,4,5,OTHER,NA
Streetcar,2024-07-03,Wednesday,South,16,16,OTHER,OTHER
Bus,2024-09-14,Saturday,East,33,7,OTHER,NA
Bus,2024-08-28,Wednesday,South,4,7,YORKDALE,NA
Bus,2024-05-02,Thursday,East,10,26,DUNDAS,NA
Streetcar,2024-10-06,Sunday,West,0,34,DUNDAS,510
Streetcar,2024-02-03,Saturday,West,2,31,YORKDALE,510
Streetcar,2024-01-26,Friday,West,3,37,YORKDALE,510
Subway,2024-07-12,Friday,North,7,5,DUNDAS,NA
Subway,2024-09-27,Friday,South,1,12,OTHER,NA
Bus,2024-10-02,Wednesday,East,2,20,DUNDAS,NA
Streetcar,2024-04-17,Wednesday,North,46,39,OTHER,501
Bus,2024-09-06,Friday,West,22,14,DUNDAS,NA
Bus,2024-10-16,Wednesday,West,26,25,YORKDALE,NA
Streetcar,2024-09-18,Wednesday,East,33,21,YORKDALE,OTHER
Subway,2024-01-24,Wednesday,East,5,7,OTHER,NA
Streetcar,2024-07-24,Wednesday,West,27,32,OTHER,510
Streetcar,2024-07-25,Thursday,East,2,34,OTHER,501
Bus,2024-10-01,Tuesday,East,5,21,DUNDAS,NA
Bus,2024-08-14,Wednesday,West,17,21,OTHER,NA
Streetcar,2024-06-07,Friday,West,16,32,DUNDAS,510
Streetcar,2024-01-13,Saturday,East,13,30,OTHER,510
Bus,2024-09-15,Sunday,South,12,25,OTHER,NA
Bus,2024-04-15,Monday,South,3,5,OTHER,NA
Subway,2024-03-28,Thursday,North,25,10,DUNDAS,NA
Subway,2024-04-12,Friday,North,2,9,YORKDALE,NA
Bus,2024-06-18,Tuesday,West,7,28,OTHER,NA
Subway,2024-08-09,Friday,North,1,10,DUNDAS,NA
Streetcar,2024-03-10,Sunday,North,12,13,DUNDAS,510
Subway,2024-10-15,Tuesday,South,14,6,DUNDAS,NA
Subway,2024-10-13,Sunday,East,23,7,YORKDALE,NA
Bus,2024-08-11,Sunday,South,12,30,YORKDALE,NA
Bus,2024-01-15,Monday,North,1,22,YORKDALE,NA
Streetcar,2024-07-13,Saturday,East,3,32,YORKDALE,OTHER
Subway,2024-05-26,Sunday,South,13,14,DUNDAS,NA
Bus,2024-10-11,Friday,South,11,24,OTHER,NA
Streetcar,2024-05-15,Wednesday,East,32,24,DUNDAS,510
Streetcar,2024-05-28,Tuesday,East,14,44,DUNDAS,501
Streetcar,2024-09-20,Friday,West,57,30,DUNDAS,510
Subway,2024-08-30,Friday,North,13,5,DUNDAS,NA
Subway,2024-07-31,Wednesday,North,14,18,OTHER,NA
Bus,2024-08-23,Friday,North,7,16,OTHER,NA
Streetcar,2024-09-19,Thursday,North,35,25,DUNDAS,510
Subway,2024-10-27,Sunday,East,5,6,DUNDAS,NA
Streetcar,2024-08-03,Saturday,South,4,22,DUNDAS,501
Streetcar,2024-09-14,Saturday,West,21,31,DUNDAS,501
Streetcar,2024-01-10,Wednesday,East,77,34,YORKDALE,501
Bus,2024-07-08,Monday,West,5,22,OTHER,NA
Streetcar,2024-05-05,Sunday,East,26,14,YORKDALE,OTHER
Bus,2024-04-09,Tuesday,North,1,13,YORKDALE,NA
Bus,2024-08-06,Tuesday,East,1,13,DUNDAS,NA
Streetcar,2024-01-14,Sunday,South,26,18,OTHER,OTHER
Bus,2024-07-17,Wednesday,West,5,21,DUNDAS,NA
Bus,2024-07-03,Wednesday,North,1,13,DUNDAS,NA
Bus,2024-06-24,Monday,South,3,11,OTHER,NA
Streetcar,2024-07-18,Thursday,West,7,31,OTHER,501
Bus,2024-06-04,Tuesday,East,1,10,OTHER,NA
Streetcar,2024-06-04,Tuesday,North,7,30,YORKDALE,501
Bus,2024-05-01,Wednesday,South,5,15,DUNDAS,NA
Streetcar,2024-08-30,Friday,West,8,37,OTHER,510
Bus,2024-02-03,Saturday,South,30,19,DUNDAS,NA
Subway,2024-04-21,Sunday,East,1,6,OTHER,NA
Bus,2024-04-14,Sunday,North,12,30,YORKDALE,NA
Bus,2024-02-03,Saturday,South,13,22,YORKDALE,NA
Streetcar,2024-02-09,Friday,West,7,28,YORKDALE,510
Streetcar,2024-06-20,Thursday,South,6,13,YORKDALE,510
Streetcar,2024-04-17,Wednesday,South,6,35,DUNDAS,510
Bus,2024-09-27,Friday,East,9,25,DUNDAS,NA
Bus,2024-07-11,Thursday,East,11,19,DUNDAS,NA
Subway,2024-05-14,Tuesday,East,4,14,OTHER,NA
Subway,2024-09-03,Tuesday,West,11,9,YORKDALE,NA
Streetcar,2024-03-04,Monday,East,0,14,DUNDAS,OTHER
Bus,2024-02-01,Thursday,South,13,25,OTHER,NA
Bus,2024-10-25,Friday,North,1,21,YORKDALE,NA
Bus,2024-10-04,Friday,South,2,16,OTHER,NA
Bus,2024-04-22,Monday,North,12,27,DUNDAS,NA
Subway,2024-10-01,Tuesday,East,6,16,YORKDALE,NA
Streetcar,2024-04-07,Sunday,East,24,15,OTHER,501
Subway,2024-02-26,Monday,South,8,18,DUNDAS,NA
Streetcar,2024-10-09,Wednesday,South,66,14,OTHER,510
Bus,2024-01-27,Saturday,West,10,24,DUNDAS,NA
Bus,2024-02-22,Thursday,South,3,21,DUNDAS,NA
Streetcar,2024-02-23,Friday,North,5,43,DUNDAS,501
Bus,2024-09-13,Friday,West,9,13,DUNDAS,NA
Streetcar,2024-01-29,Monday,South,45,27,DUNDAS,OTHER
Bus,2024-10-04,Friday,North,1,25,DUNDAS,NA
Bus,2024-04-26,Friday,North,12,13,DUNDAS,NA
Subway,2024-08-27,Tuesday,West,14,18,DUNDAS,NA
Bus,2024-04-03,Wednesday,East,50,15,YORKDALE,NA
Bus,2024-10-12,Saturday,West,1,17,DUNDAS,NA
Bus,2024-07-05,Friday,East,7,10,DUNDAS,NA
Bus,2024-06-03,Monday,North,3,14,DUNDAS,NA
Bus,2024-03-26,Tuesday,East,11,25,OTHER,NA
Streetcar,2024-02-09,Friday,East,5,22,DUNDAS,510
Bus,2024-03-01,Friday,East,12,21,DUNDAS,NA
Bus,2024-08-30,Friday,West,28,28,DUNDAS,NA
Bus,2024-07-18,Thursday,West,29,13,DUNDAS,NA
Streetcar,2024-06-02,Sunday,South,24,29,DUNDAS,510
Bus,2024-03-25,Monday,North,14,12,DUNDAS,NA
Bus,2024-09-25,Wednesday,East,9,8,DUNDAS,NA
Subway,2024-04-04,Thursday,West,8,20,DUNDAS,NA
Bus,2024-05-15,Wednesday,South,14,12,DUNDAS,NA
Streetcar,2024-02-21,Wednesday,East,3,45,OTHER,510
Streetcar,2024-09-08,Sunday,West,12,11,OTHER,510
Subway,2024-01-21,Sunday,East,4,17,YORKDALE,NA
Subway,2024-02-29,Thursday,North,10,8,YORKDALE,NA
Bus,2024-07-29,Monday,North,7,11,DUNDAS,NA
Streetcar,2024-02-17,Saturday,North,27,30,DUNDAS,510
Bus,2024-02-14,Wednesday,East,19,21,YORKDALE,NA
Streetcar,2024-05-23,Thursday,West,11,12,DUNDAS,510
Bus,2024-05-29,Wednesday,East,20,10,OTHER,NA
Bus,2024-01-16,Tuesday,West,2,7,DUNDAS,NA
Streetcar,2024-04-23,Tuesday,East,30,14,OTHER,510
Bus,2024-03-20,Wednesday,East,2,17,OTHER,NA
Bus,2024-06-10,Monday,South,2,27,OTHER,NA
Streetcar,2024-03-22,Friday,North,12,35,OTHER,501
Streetcar,2024-10-26,Saturday,North,6,38,OTHER,510
Bus,2024-05-26,Sunday,South,2,19,OTHER,NA
Bus,2024-08-20,Tuesday,North,6,17,DUNDAS,NA
Streetcar,2024-02-28,Wednesday,South,9,26,OTHER,501
Streetcar,2024-05-02,Thursday,East,4,32,DUNDAS,510
Bus,2024-06-01,Saturday,East,0,12,DUNDAS,NA
Bus,2024-07-07,Sunday,West,2,24,DUNDAS,NA
Streetcar,2024-09-22,Sunday,North,10,30,OTHER,510
Streetcar,2024-04-08,Monday,East,19,18,DUNDAS,501
Bus,2024-07-07,Sunday,North,23,17,DUNDAS,NA
Bus,2024-02-01,Thursday,East,5,23,DUNDAS,NA
Streetcar,2024-04-26,Friday,South,63,45,YORKDALE,OTHER
Subway,2024-09-22,Sunday,East,12,7,OTHER,NA
Bus,2024-05-25,Saturday,East,3,16,YORKDALE,NA
Subway,2024-08-23,Friday,North,19,18,OTHER,NA
Subway,2024-07-29,Monday,North,18,15,OTHER,NA
Subway,2024-09-29,Sunday,West,2,9,YORKDALE,NA
Subway,2024-04-25,Thursday,South,8,9,OTHER,NA
Bus,2024-02-28,Wednesday,North,45,22,YORKDALE,NA
Subway,2024-08-05,Monday,West,3,8,YORKDALE,NA
Streetcar,2024-07-04,Thursday,West,21,41,DUNDAS,OTHER
Streetcar,2024-10-12,Saturday,South,9,17,YORKDALE,501
Bus,2024-06-10,Monday,North,7,25,OTHER,NA
Subway,2024-07-22,Monday,North,5,16,DUNDAS,NA
Streetcar,2024-07-28,Sunday,North,23,36,OTHER,OTHER
Subway,2024-03-20,Wednesday,East,5,10,DUNDAS,NA
Subway,2024-07-24,Wednesday,East,8,13,DUNDAS,NA
Subway,2024-07-16,Tuesday,West,6,12,OTHER,NA
Bus,2024-09-29,Sunday,West,3,12,DUNDAS,NA
Bus,2024-06-19,Wednesday,South,5,26,OTHER,NA
Subway,2024-05-28,Tuesday,East,4,14,DUNDAS,NA
Bus,2024-02-06,Tuesday,East,2,17,DUNDAS,NA
Streetcar,2024-02-13,Tuesday,West,0,31,YORKDALE,510
Bus,2024-06-29,Saturday,East,16,14,DUNDAS,NA
Subway,2024-10-21,Monday,North,19,10,YORKDALE,NA
Subway,2024-06-26,Wednesday,East,16,15,OTHER,NA
Streetcar,2024-09-25,Wednesday,West,15,31,DUNDAS,501
Streetcar,2024-02-28,Wednesday,South,9,36,DUNDAS,OTHER
Bus,2024-04-07,Sunday,South,23,27,OTHER,NA
Streetcar,2024-03-10,Sunday,South,13,31,YORKDALE,OTHER
Bus,2024-01-05,Friday,North,2,25,OTHER,NA
Subway,2024-08-04,Sunday,North,11,3,DUNDAS,NA
Bus,2024-03-06,Wednesday,South,6,6,DUNDAS,NA
Subway,2024-07-28,Sunday,West,23,10,YORKDALE,NA
Bus,2024-07-08,Monday,South,26,7,YORKDALE,NA
Bus,2024-01-05,Friday,South,1,25,DUNDAS,NA
Subway,2024-07-11,Thursday,West,4,7,DUNDAS,NA
Bus,2024-03-06,Wednesday,West,2,19,OTHER,NA
Subway,2024-03-27,Wednesday,West,10,15,DUNDAS,NA
Streetcar,2024-01-10,Wednesday,North,11,37,OTHER,510
Bus,2024-05-24,Friday,North,3,26,DUNDAS,NA
Subway,2024-08-19,Monday,West,4,9,DUNDAS,NA
Bus,2024-09-11,Wednesday,South,43,23,DUNDAS,NA
Bus,2024-06-30,Sunday,West,49,29,YORKDALE,NA
Streetcar,2024-06-15,Saturday,West,6,15,DUNDAS,510
Streetcar,2024-05-05,Sunday,South,24,22,DUNDAS,501
Streetcar,2024-08-02,Friday,West,4,44,YORKDALE,OTHER
Streetcar,2024-09-06,Friday,East,37,18,OTHER,510
Streetcar,2024-02-11,Sunday,North,12,44,OTHER,501
Bus,2024-06-24,Monday,West,26,28,YORKDALE,NA
Bus,2024-08-10,Saturday,East,7,27,YORKDALE,NA
Bus,2024-10-20,Sunday,East,2,19,DUNDAS,NA
Bus,2024-06-06,Thursday,South,7,18,YORKDALE,NA
Subway,2024-10-24,Thursday,East,13,15,OTHER,NA
Bus,2024-08-16,Friday,North,2,11,DUNDAS,NA
Streetcar,2024-04-17,Wednesday,North,33,19,OTHER,501
Bus,2024-02-28,Wednesday,South,6,12,OTHER,NA
Bus,2024-05-09,Thursday,East,15,21,OTHER,NA
Streetcar,2024-02-06,Tuesday,South,9,38,YORKDALE,510
Subway,2024-07-09,Tuesday,East,10,18,DUNDAS,NA
Bus,2024-08-16,Friday,North,7,22,DUNDAS,NA
Bus,2024-03-02,Saturday,East,7,9,YORKDALE,NA
Streetcar,2024-04-06,Saturday,North,45,33,YORKDALE,510
Streetcar,2024-10-13,Sunday,North,3,24,YORKDALE,510
Bus,2024-09-16,Monday,West,19,8,OTHER,NA
Bus,2024-09-27,Friday,North,30,23,DUNDAS,NA
Subway,2024-05-10,Friday,North,1,11,YORKDALE,NA
Bus,2024-03-15,Friday,West,2,21,YORKDALE,NA
Bus,2024-08-16,Friday,West,16,21,OTHER,NA
Bus,2024-09-08,Sunday,West,1,29,YORKDALE,NA
Bus,2024-07-25,Thursday,West,1,5,DUNDAS,NA
Bus,2024-06-11,Tuesday,South,7,10,DUNDAS,NA
Subway,2024-04-16,Tuesday,East,7,18,OTHER,NA
Bus,2024-10-17,Thursday,East,1,26,OTHER,NA
Streetcar,2024-09-03,Tuesday,North,7,25,DUNDAS,510
Bus,2024-05-27,Monday,East,6,9,YORKDALE,NA
Streetcar,2024-07-15,Monday,South,20,14,DUNDAS,501
Streetcar,2024-04-22,Monday,West,10,26,YORKDALE,510
Bus,2024-06-10,Monday,South,5,6,YORKDALE,NA
Bus,2024-02-18,Sunday,North,8,27,YORKDALE,NA
Bus,2024-03-29,Friday,South,0,12,YORKDALE,NA
Streetcar,2024-09-24,Tuesday,East,17,42,YORKDALE,501
Subway,2024-03-20,Wednesday,West,1,9,DUNDAS,NA
Bus,2024-02-26,Monday,North,22,29,DUNDAS,NA
Subway,2024-07-08,Monday,North,8,5,YORKDALE,NA
Streetcar,2024-03-26,Tuesday,North,26,10,OTHER,OTHER
Streetcar,2024-06-13,Thursday,West,3,28,YORKDALE,510
Bus,2024-08-08,Thursday,East,6,15,OTHER,NA
Bus,2024-02-28,Wednesday,North,2,13,DUNDAS,NA
Streetcar,2024-04-19,Friday,North,24,15,OTHER,510
Bus,2024-07-19,Friday,West,21,21,OTHER,NA
Bus,2024-07-21,Sunday,South,0,8,OTHER,NA
Bus,2024-02-28,Wednesday,South,23,6,OTHER,NA
Streetcar,2024-03-01,Friday,East,41,33,YORKDALE,510
Bus,2024-02-29,Thursday,South,1,11,YORKDALE,NA
Bus,2024-08-14,Wednesday,West,1,8,YORKDALE,NA
Streetcar,2024-05-07,Tuesday,West,10,38,YORKDALE,OTHER
Streetcar,2024-02-03,Saturday,South,1,31,DUNDAS,501
Streetcar,2024-01-14,Sunday,North,61,32,YORKDALE,501
Subway,2024-08-28,Wednesday,South,24,17,DUNDAS,NA
Bus,2024-09-28,Saturday,West,17,7,DUNDAS,NA
Streetcar,2024-04-22,Monday,West,11,17,OTHER,510
Streetcar,2024-09-26,Thursday,North,4,12,OTHER,510
Bus,2024-05-02,Thursday,North,6,23,YORKDALE,NA
Bus,2024-10-16,Wednesday,East,26,16,DUNDAS,NA
Bus,2024-08-28,Wednesday,South,31,11,YORKDALE,NA
Bus,2024-05-24,Friday,North,29,26,DUNDAS,NA
Bus,2024-10-07,Monday,West,2,24,YORKDALE,NA
Streetcar,2024-03-04,Monday,West,24,41,DUNDAS,OTHER
Bus,2024-03-08,Friday,East,23,16,YORKDALE,NA
Bus,2024-01-08,Monday,West,11,17,DUNDAS,NA
Subway,2024-07-20,Saturday,South,3,18,DUNDAS,NA
Bus,2024-07-14,Sunday,East,0,6,YORKDALE,NA
Bus,2024-07-01,Monday,North,24,5,DUNDAS,NA
Streetcar,2024-10-18,Friday,North,52,37,YORKDALE,501
Bus,2024-01-28,Sunday,East,5,14,OTHER,NA
Bus,2024-01-24,Wednesday,North,1,27,OTHER,NA
Streetcar,2024-05-23,Thursday,West,1,22,OTHER,510
Subway,2024-02-16,Friday,South,13,6,DUNDAS,NA
Bus,2024-07-10,Wednesday,South,10,12,OTHER,NA
Bus,2024-04-19,Friday,West,4,18,YORKDALE,NA
Streetcar,2024-01-27,Saturday,North,95,22,OTHER,510
Subway,2024-01-15,Monday,South,12,11,DUNDAS,NA
Bus,2024-09-04,Wednesday,East,22,21,OTHER,NA
Streetcar,2024-05-17,Friday,East,31,25,YORKDALE,510
Bus,2024-07-07,Sunday,North,19,29,DUNDAS,NA
Bus,2024-04-10,Wednesday,South,7,24,OTHER,NA
Streetcar,2024-08-29,Thursday,East,9,29,YORKDALE,501
Streetcar,2024-02-26,Monday,South,1,37,OTHER,510
Bus,2024-09-03,Tuesday,East,22,17,DUNDAS,NA
Subway,2024-07-05,Friday,North,0,5,DUNDAS,NA
Bus,2024-03-30,Saturday,North,19,15,DUNDAS,NA
Bus,2024-04-11,Thursday,East,23,9,OTHER,NA
Subway,2024-09-23,Monday,North,1,6,YORKDALE,NA
Bus,2024-06-29,Saturday,West,18,20,OTHER,NA
Subway,2024-09-17,Tuesday,North,0,14,OTHER,NA
Streetcar,2024-08-14,Wednesday,West,21,20,YORKDALE,510
Bus,2024-06-24,Monday,South,5,22,OTHER,NA
Subway,2024-08-10,Saturday,North,11,2,DUNDAS,NA
Streetcar,2024-01-30,Tuesday,North,0,43,OTHER,OTHER
Bus,2024-02-04,Sunday,East,10,6,OTHER,NA
Bus,2024-04-17,Wednesday,South,4,24,YORKDALE,NA
Bus,2024-07-25,Thursday,South,9,28,YORKDALE,NA
Bus,2024-10-16,Wednesday,East,16,14,DUNDAS,NA
Streetcar,2024-10-11,Friday,North,0,43,OTHER,OTHER
Streetcar,2024-01-11,Thursday,East,11,21,OTHER,510
Bus,2024-01-25,Thursday,West,12,12,YORKDALE,NA
Bus,2024-10-14,Monday,East,6,22,OTHER,NA
Streetcar,2024-10-26,Saturday,East,69,45,DUNDAS,OTHER
Streetcar,2024-09-19,Thursday,East,1,16,DUNDAS,501
Subway,2024-10-03,Thursday,East,2,8,YORKDALE,NA
Bus,2024-05-22,Wednesday,East,11,28,OTHER,NA
Streetcar,2024-01-14,Sunday,East,3,42,YORKDALE,501
Bus,2024-09-09,Monday,South,5,24,YORKDALE,NA
Bus,2024-09-20,Friday,East,14,23,YORKDALE,NA
Subway,2024-08-25,Sunday,West,7,16,DUNDAS,NA
Bus,2024-08-13,Tuesday,West,21,29,DUNDAS,NA
Streetcar,2024-05-28,Tuesday,West,28,30,YORKDALE,501
Streetcar,2024-05-20,Monday,East,16,37,YORKDALE,510
Bus,2024-09-13,Friday,East,1,8,YORKDALE,NA
Bus,2024-03-05,Tuesday,East,5,21,OTHER,NA
Subway,2024-04-01,Monday,South,4,4,YORKDALE,NA
Bus,2024-03-21,Thursday,East,1,29,YORKDALE,NA
Streetcar,2024-10-24,Thursday,West,11,44,DUNDAS,OTHER
Bus,2024-04-18,Thursday,North,0,12,OTHER,NA
Bus,2024-10-22,Tuesday,West,35,26,YORKDALE,NA
Streetcar,2024-08-05,Monday,North,10,22,DUNDAS,510
Bus,2024-10-04,Friday,North,40,16,YORKDALE,NA
Streetcar,2024-07-16,Tuesday,East,3,11,OTHER,510
Bus,2024-02-22,Thursday,North,0,19,YORKDALE,NA
Bus,2024-01-28,Sunday,South,17,11,YORKDALE,NA
Subway,2024-09-17,Tuesday,West,9,14,OTHER,NA
Streetcar,2024-08-10,Saturday,East,11,41,YORKDALE,510
Bus,2024-03-11,Monday,North,19,13,OTHER,NA
Bus,2024-02-17,Saturday,West,9,24,OTHER,NA
Bus,2024-01-28,Sunday,East,9,15,YORKDALE,NA
Subway,2024-08-31,Saturday,East,16,7,OTHER,NA
Bus,2024-06-18,Tuesday,East,2,18,OTHER,NA
Bus,2024-08-09,Friday,South,8,6,DUNDAS,NA
Subway,2024-03-17,Sunday,West,4,3,YORKDALE,NA
Bus,2024-08-01,Thursday,North,1,19,DUNDAS,NA
Streetcar,2024-09-25,Wednesday,North,20,35,OTHER,501
Streetcar,2024-04-28,Sunday,East,4,21,YORKDALE,501
Bus,2024-02-06,Tuesday,North,20,29,DUNDAS,NA
Streetcar,2024-08-01,Thursday,West,33,34,DUNDAS,510
Bus,2024-09-10,Tuesday,East,8,24,OTHER,NA
Subway,2024-01-30,Tuesday,South,3,11,OTHER,NA
Bus,2024-04-24,Wednesday,North,3,27,YORKDALE,NA
Bus,2024-05-23,Thursday,East,11,23,YORKDALE,NA
Bus,2024-09-16,Monday,West,5,14,OTHER,NA
Bus,2024-05-27,Monday,East,14,16,YORKDALE,NA
Bus,2024-08-22,Thursday,East,7,21,YORKDALE,NA
Streetcar,2024-06-23,Sunday,East,6,22,OTHER,510
Streetcar,2024-04-05,Friday,North,30,15,OTHER,510
Streetcar,2024-10-01,Tuesday,North,19,19,OTHER,510
Bus,2024-09-08,Sunday,East,5,22,OTHER,NA
Subway,2024-01-20,Saturday,South,1,12,YORKDALE,NA
Bus,2024-03-08,Friday,North,7,28,DUNDAS,NA
Streetcar,2024-10-09,Wednesday,North,29,12,OTHER,510
Streetcar,2024-05-30,Thursday,East,28,13,DUNDAS,510
Bus,2024-09-19,Thursday,South,15,10,YORKDALE,NA
Subway,2024-02-13,Tuesday,North,26,6,DUNDAS,NA
Subway,2024-06-15,Saturday,North,2,12,DUNDAS,NA
Bus,2024-06-26,Wednesday,North,15,12,YORKDALE,NA
Streetcar,2024-03-10,Sunday,South,4,21,YORKDALE,501
Streetcar,2024-02-04,Sunday,South,38,35,DUNDAS,510
Subway,2024-02-18,Sunday,South,5,12,YORKDALE,NA
Bus,2024-03-11,Monday,West,11,19,DUNDAS,NA
Streetcar,2024-10-07,Monday,West,1,30,OTHER,OTHER
Subway,2024-01-06,Saturday,West,1,13,DUNDAS,NA
Bus,2024-10-16,Wednesday,West,8,12,DUNDAS,NA
Bus,2024-07-18,Thursday,North,13,17,DUNDAS,NA
Streetcar,2024-08-22,Thursday,West,24,13,OTHER,510
Bus,2024-05-15,Wednesday,North,40,9,DUNDAS,NA
Bus,2024-01-20,Saturday,East,2,13,OTHER,NA
Subway,2024-09-23,Monday,West,4,14,OTHER,NA
Subway,2024-03-20,Wednesday,East,19,9,OTHER,NA
Bus,2024-10-10,Thursday,North,9,15,OTHER,NA
Bus,2024-01-21,Sunday,East,9,18,OTHER,NA
Bus,2024-01-19,Friday,North,7,6,YORKDALE,NA
Bus,2024-09-06,Friday,North,6,6,DUNDAS,NA
Streetcar,2024-02-02,Friday,West,24,11,YORKDALE,501
Streetcar,2024-03-15,Friday,West,10,25,DUNDAS,501
Bus,2024-01-16,Tuesday,South,29,5,DUNDAS,NA
Bus,2024-06-24,Monday,South,2,26,OTHER,NA
Subway,2024-05-01,Wednesday,North,5,20,OTHER,NA
Subway,2024-07-31,Wednesday,East,6,6,DUNDAS,NA
Subway,2024-08-27,Tuesday,East,6,6,DUNDAS,NA
Bus,2024-01-20,Saturday,East,5,10,OTHER,NA
Bus,2024-06-28,Friday,North,17,25,DUNDAS,NA
Bus,2024-08-01,Thursday,North,13,8,YORKDALE,NA
Subway,2024-03-24,Sunday,South,1,7,YORKDALE,NA
Bus,2024-10-04,Friday,North,36,12,OTHER,NA
Streetcar,2024-03-04,Monday,East,26,42,DUNDAS,OTHER
Streetcar,2024-03-25,Monday,North,13,33,DUNDAS,501
Bus,2024-08-24,Saturday,North,8,23,YORKDALE,NA
Bus,2024-09-07,Saturday,South,2,7,DUNDAS,NA
Subway,2024-03-04,Monday,South,8,7,OTHER,NA
Bus,2024-02-11,Sunday,East,0,7,OTHER,NA
Streetcar,2024-02-12,Monday,North,31,31,YORKDALE,OTHER
Streetcar,2024-03-14,Thursday,North,10,36,DUNDAS,510
Streetcar,2024-06-16,Sunday,North,11,44,OTHER,501
Streetcar,2024-02-10,Saturday,South,23,12,OTHER,510
Bus,2024-05-27,Monday,West,19,28,YORKDALE,NA
Subway,2024-08-30,Friday,North,24,7,DUNDAS,NA
Subway,2024-01-06,Saturday,West,12,6,YORKDALE,NA
Streetcar,2024-01-28,Sunday,South,4,17,YORKDALE,501
Bus,2024-01-26,Friday,East,1,23,YORKDALE,NA
Bus,2024-02-06,Tuesday,South,5,29,YORKDALE,NA
Bus,2024-03-01,Friday,West,0,6,YORKDALE,NA
Streetcar,2024-04-10,Wednesday,North,29,31,DUNDAS,510
Streetcar,2024-02-14,Wednesday,South,1,11,YORKDALE,510
Bus,2024-06-04,Tuesday,West,29,12,DUNDAS,NA
Bus,2024-09-22,Sunday,North,11,13,DUNDAS,NA
Bus,2024-01-10,Wednesday,West,8,10,YORKDALE,NA
Bus,2024-04-26,Friday,West,1,26,YORKDALE,NA
Subway,2024-09-01,Sunday,East,4,14,DUNDAS,NA
Streetcar,2024-04-21,Sunday,South,9,42,YORKDALE,OTHER
Streetcar,2024-01-04,Thursday,South,10,21,YORKDALE,510
Streetcar,2024-06-27,Thursday,West,6,28,OTHER,501
Streetcar,2024-03-14,Thursday,East,15,23,OTHER,510
Streetcar,2024-05-01,Wednesday,South,27,41,DUNDAS,501
Bus,2024-09-17,Tuesday,North,1,5,OTHER,NA
Streetcar,2024-02-29,Thursday,West,4,21,DUNDAS,501
Bus,2024-03-22,Friday,North,13,19,DUNDAS,NA
Bus,2024-03-05,Tuesday,West,5,11,YORKDALE,NA
Bus,2024-08-11,Sunday,West,11,27,OTHER,NA
Bus,2024-05-31,Friday,South,6,22,OTHER,NA
Subway,2024-04-07,Sunday,East,41,9,YORKDALE,NA
Streetcar,2024-09-23,Monday,South,42,29,DUNDAS,501
Bus,2024-03-17,Sunday,East,5,21,OTHER,NA
Bus,2024-10-08,Tuesday,North,4,23,DUNDAS,NA
Streetcar,2024-06-29,Saturday,North,13,20,YORKDALE,501
Bus,2024-05-07,Tuesday,North,7,9,YORKDALE,NA
Bus,2024-03-03,Sunday,South,14,12,DUNDAS,NA
Bus,2024-08-03,Saturday,West,1,26,DUNDAS,NA
Bus,2024-08-27,Tuesday,West,11,28,YORKDALE,NA
Subway,2024-08-14,Wednesday,West,6,11,DUNDAS,NA
Bus,2024-02-10,Saturday,West,0,12,OTHER,NA
Bus,2024-09-08,Sunday,East,6,20,YORKDALE,NA
Bus,2024-01-17,Wednesday,South,18,11,DUNDAS,NA
Bus,2024-03-31,Sunday,North,5,30,DUNDAS,NA
Bus,2024-04-29,Monday,East,3,16,DUNDAS,NA
Bus,2024-07-30,Tuesday,East,4,15,DUNDAS,NA
Streetcar,2024-01-15,Monday,North,0,23,YORKDALE,510
Bus,2024-01-25,Thursday,South,3,8,OTHER,NA
Bus,2024-08-15,Thursday,West,12,18,YORKDALE,NA
Subway,2024-07-22,Monday,North,15,4,DUNDAS,NA
Streetcar,2024-07-30,Tuesday,North,35,24,YORKDALE,501
Bus,2024-10-09,Wednesday,West,14,23,YORKDALE,NA
Subway,2024-06-02,Sunday,East,15,3,YORKDALE,NA
Streetcar,2024-01-08,Monday,South,9,11,DUNDAS,510
Bus,2024-07-16,Tuesday,South,15,11,DUNDAS,NA
Subway,2024-05-15,Wednesday,West,4,14,YORKDALE,NA
Subway,2024-01-31,Wednesday,South,1,7,DUNDAS,NA
Streetcar,2024-01-08,Monday,North,12,42,YORKDALE,510
Streetcar,2024-06-02,Sunday,North,13,41,YORKDALE,OTHER
Streetcar,2024-04-08,Monday,East,3,34,OTHER,OTHER
Bus,2024-08-31,Saturday,East,2,13,YORKDALE,NA
Subway,2024-03-22,Friday,North,37,7,DUNDAS,NA
Streetcar,2024-06-27,Thursday,East,84,37,DUNDAS,501
Bus,2024-10-06,Sunday,South,2,18,DUNDAS,NA
Streetcar,2024-07-21,Sunday,East,35,44,YORKDALE,501
Subway,2024-06-25,Tuesday,West,3,9,OTHER,NA
Bus,2024-05-18,Saturday,East,27,22,DUNDAS,NA
Subway,2024-10-07,Monday,West,6,18,DUNDAS,NA
Bus,2024-04-20,Saturday,South,24,28,YORKDALE,NA
Bus,2024-07-21,Sunday,North,5,9,DUNDAS,NA
Bus,2024-01-24,Wednesday,East,18,5,DUNDAS,NA
Bus,2024-04-01,Monday,West,1,20,OTHER,NA
Bus,2024-02-13,Tuesday,North,1,26,DUNDAS,NA
Streetcar,2024-04-11,Thursday,North,3,28,OTHER,510
Bus,2024-04-26,Friday,South,4,27,YORKDALE,NA
Bus,2024-09-19,Thursday,West,12,15,DUNDAS,NA
Bus,2024-05-26,Sunday,North,5,23,DUNDAS,NA
Bus,2024-06-02,Sunday,South,1,15,OTHER,NA
Streetcar,2024-03-02,Saturday,East,0,38,OTHER,510
Bus,2024-10-22,Tuesday,South,7,18,DUNDAS,NA
Bus,2024-06-30,Sunday,West,7,30,DUNDAS,NA
Subway,2024-07-14,Sunday,West,50,4,DUNDAS,NA
Bus,2024-07-12,Friday,East,2,26,YORKDALE,NA
Streetcar,2024-07-01,Monday,East,0,28,YORKDALE,OTHER
Subway,2024-04-18,Thursday,West,13,18,DUNDAS,NA
Subway,2024-05-06,Monday,East,1,3,YORKDALE,NA
Subway,2024-08-27,Tuesday,South,3,3,DUNDAS,NA
Bus,2024-03-13,Wednesday,South,2,19,DUNDAS,NA
Bus,2024-10-02,Wednesday,South,6,24,OTHER,NA
Bus,2024-07-26,Friday,East,13,25,OTHER,NA
Bus,2024-03-14,Thursday,North,18,9,DUNDAS,NA
Bus,2024-05-22,Wednesday,South,3,16,OTHER,NA
Streetcar,2024-02-08,Thursday,South,39,20,OTHER,501
Subway,2024-07-11,Thursday,North,33,10,OTHER,NA
Bus,2024-10-14,Monday,East,12,7,YORKDALE,NA
Bus,2024-06-24,Monday,North,0,14,OTHER,NA
Subway,2024-10-22,Tuesday,South,37,10,DUNDAS,NA
Streetcar,2024-03-17,Sunday,East,25,25,YORKDALE,510
Bus,2024-09-11,Wednesday,North,31,5,OTHER,NA
Streetcar,2024-09-16,Monday,North,34,15,YORKDALE,501
Bus,2024-07-12,Friday,North,14,18,YORKDALE,NA
Streetcar,2024-04-18,Thursday,East,65,36,OTHER,OTHER
Bus,2024-03-31,Sunday,North,28,6,DUNDAS,NA
Subway,2024-09-11,Wednesday,North,13,15,DUNDAS,NA
Subway,2024-07-05,Friday,North,13,14,DUNDAS,NA
Bus,2024-10-12,Saturday,South,1,29,DUNDAS,NA
Subway,2024-05-23,Thursday,South,3,17,YORKDALE,NA
Bus,2024-01-14,Sunday,South,11,11,OTHER,NA
Streetcar,2024-03-04,Monday,South,15,11,DUNDAS,510
Streetcar,2024-09-21,Saturday,West,14,10,YORKDALE,501
Bus,2024-03-16,Saturday,East,3,10,OTHER,NA
Bus,2024-06-15,Saturday,East,8,20,DUNDAS,NA
Subway,2024-07-25,Thursday,West,8,6,DUNDAS,NA
Streetcar,2024-01-09,Tuesday,North,36,21,DUNDAS,501
Subway,2024-01-29,Monday,West,15,19,DUNDAS,NA
Bus,2024-05-11,Saturday,West,0,27,OTHER,NA
Bus,2024-04-24,Wednesday,North,36,25,OTHER,NA
Bus,2024-02-01,Thursday,North,5,11,DUNDAS,NA
Bus,2024-05-27,Monday,East,11,28,DUNDAS,NA
Bus,2024-06-12,Wednesday,North,15,25,OTHER,NA
Bus,2024-07-26,Friday,South,4,13,DUNDAS,NA
Bus,2024-05-28,Tuesday,West,9,14,YORKDALE,NA
Bus,2024-02-22,Thursday,North,16,9,OTHER,NA
Subway,2024-09-23,Monday,West,5,14,OTHER,NA
Bus,2024-03-02,Saturday,East,2,30,YORKDALE,NA
Streetcar,2024-08-05,Monday,West,15,18,YORKDALE,510
Streetcar,2024-09-23,Monday,North,15,10,DUNDAS,501
Bus,2024-10-21,Monday,West,13,11,OTHER,NA
Streetcar,2024-04-17,Wednesday,East,2,16,OTHER,510
Bus,2024-04-21,Sunday,North,1,16,DUNDAS,NA
Bus,2024-05-04,Saturday,North,7,14,YORKDALE,NA
Streetcar,2024-08-25,Sunday,West,35,31,DUNDAS,510
Bus,2024-05-27,Monday,East,11,15,DUNDAS,NA
Bus,2024-08-06,Tuesday,East,2,21,OTHER,NA
Bus,2024-05-11,Saturday,North,4,12,OTHER,NA
Streetcar,2024-03-31,Sunday,West,6,40,YORKDALE,501
Subway,2024-02-27,Tuesday,South,25,12,YORKDALE,NA
Bus,2024-08-28,Wednesday,South,4,27,DUNDAS,NA
Bus,2024-01-25,Thursday,West,5,22,DUNDAS,NA
Subway,2024-03-12,Tuesday,West,11,18,YORKDALE,NA
Streetcar,2024-01-10,Wednesday,North,2,40,DUNDAS,OTHER
Streetcar,2024-05-17,Friday,West,5,26,YORKDALE,OTHER
Bus,2024-04-08,Monday,North,3,10,DUNDAS,NA
Bus,2024-08-24,Saturday,South,10,9,YORKDALE,NA
Bus,2024-08-15,Thursday,South,0,22,OTHER,NA
Streetcar,2024-10-09,Wednesday,North,20,36,YORKDALE,510
Subway,2024-04-12,Friday,East,32,13,DUNDAS,NA
Bus,2024-10-19,Saturday,East,14,28,DUNDAS,NA
Bus,2024-04-08,Monday,South,14,18,OTHER,NA
Streetcar,2024-04-20,Saturday,East,2,26,OTHER,OTHER
Streetcar,2024-06-06,Thursday,East,10,14,OTHER,510
Bus,2024-06-26,Wednesday,South,10,25,DUNDAS,NA
Bus,2024-05-30,Thursday,East,1,26,DUNDAS,NA
Bus,2024-02-06,Tuesday,East,0,20,DUNDAS,NA
Subway,2024-02-28,Wednesday,East,3,6,DUNDAS,NA
Streetcar,2024-07-12,Friday,North,6,20,DUNDAS,510
Streetcar,2024-10-25,Friday,North,39,34,OTHER,510
Bus,2024-09-11,Wednesday,South,20,11,DUNDAS,NA
Bus,2024-05-30,Thursday,South,11,17,OTHER,NA
Bus,2024-07-29,Monday,East,22,17,DUNDAS,NA
Streetcar,2024-10-12,Saturday,East,8,32,DUNDAS,510
Streetcar,2024-08-25,Sunday,East,31,14,DUNDAS,501
Bus,2024-07-25,Thursday,North,22,22,DUNDAS,NA
Streetcar,2024-07-22,Monday,West,5,18,DUNDAS,OTHER
Streetcar,2024-02-19,Monday,West,7,26,YORKDALE,501
Bus,2024-08-11,Sunday,West,1,20,YORKDALE,NA
Bus,2024-08-21,Wednesday,South,5,18,YORKDALE,NA
Bus,2024-06-21,Friday,West,9,19,DUNDAS,NA
Streetcar,2024-03-19,Tuesday,North,1,23,DUNDAS,510
Streetcar,2024-02-03,Saturday,West,21,14,YORKDALE,510
Bus,2024-01-09,Tuesday,West,0,26,YORKDALE,NA
Streetcar,2024-05-28,Tuesday,North,52,16,DUNDAS,510
Subway,2024-07-05,Friday,South,2,9,YORKDALE,NA
Streetcar,2024-06-20,Thursday,South,31,15,YORKDALE,501
Streetcar,2024-10-22,Tuesday,West,28,18,DUNDAS,510
Bus,2024-08-01,Thursday,South,0,23,YORKDALE,NA
Subway,2024-06-21,Friday,East,7,17,DUNDAS,NA
Bus,2024-08-12,Monday,North,4,16,YORKDALE,NA
Subway,2024-02-06,Tuesday,North,1,6,OTHER,NA
Streetcar,2024-10-13,Sunday,North,9,42,OTHER,510
Bus,2024-02-01,Thursday,North,3,19,DUNDAS,NA
Subway,2024-09-20,Friday,North,8,12,DUNDAS,NA
Streetcar,2024-06-28,Friday,East,17,31,YORKDALE,501
Bus,2024-01-26,Friday,North,50,20,YORKDALE,NA
Bus,2024-01-23,Tuesday,North,2,10,DUNDAS,NA
Subway,2024-09-04,Wednesday,West,2,6,YORKDALE,NA
Bus,2024-09-26,Thursday,South,1,15,OTHER,NA
Subway,2024-02-13,Tuesday,South,15,20,DUNDAS,NA
Streetcar,2024-07-04,Thursday,North,22,23,OTHER,501
Streetcar,2024-09-22,Sunday,West,44,34,OTHER,510
Bus,2024-01-13,Saturday,East,29,12,YORKDALE,NA
Bus,2024-08-16,Friday,North,5,5,OTHER,NA
Streetcar,2024-02-09,Friday,West,3,38,DUNDAS,510
Streetcar,2024-05-15,Wednesday,East,3,19,YORKDALE,501
Subway,2024-04-06,Saturday,South,17,5,OTHER,NA
Subway,2024-02-14,Wednesday,East,14,19,DUNDAS,NA
Streetcar,2024-03-09,Saturday,North,10,44,YORKDALE,OTHER
Bus,2024-03-13,Wednesday,East,1,22,DUNDAS,NA
Bus,2024-02-24,Saturday,South,15,25,YORKDALE,NA
Streetcar,2024-09-17,Tuesday,East,1,24,DUNDAS,501
Bus,2024-02-24,Saturday,West,7,5,YORKDALE,NA
Bus,2024-06-24,Monday,South,20,16,OTHER,NA
Bus,2024-01-19,Friday,West,7,9,OTHER,NA
Subway,2024-03-11,Monday,South,2,10,DUNDAS,NA
Streetcar,2024-04-07,Sunday,South,6,26,YORKDALE,510
Streetcar,2024-04-01,Monday,East,21,23,OTHER,510
Bus,2024-06-11,Tuesday,North,22,28,OTHER,NA
Bus,2024-10-17,Thursday,East,5,26,YORKDALE,NA
Subway,2024-08-07,Wednesday,West,8,11,OTHER,NA
Streetcar,2024-01-26,Friday,North,21,18,YORKDALE,510
Streetcar,2024-10-04,Friday,West,10,12,OTHER,OTHER
Streetcar,2024-10-08,Tuesday,North,13,42,DUNDAS,510
Streetcar,2024-02-13,Tuesday,East,23,14,DUNDAS,501
Streetcar,2024-02-14,Wednesday,North,57,16,DUNDAS,501
Subway,2024-05-11,Saturday,South,0,15,YORKDALE,NA
Bus,2024-03-12,Tuesday,East,5,20,DUNDAS,NA
Streetcar,2024-07-06,Saturday,South,11,38,DUNDAS,OTHER
Bus,2024-03-29,Friday,West,4,11,YORKDALE,NA
Bus,2024-07-01,Monday,North,12,14,YORKDALE,NA
Bus,2024-10-08,Tuesday,South,4,23,DUNDAS,NA
Bus,2024-01-15,Monday,East,27,10,DUNDAS,NA
Bus,2024-05-30,Thursday,North,5,25,OTHER,NA
Streetcar,2024-05-28,Tuesday,West,4,18,DUNDAS,510
Bus,2024-06-07,Friday,West,61,22,DUNDAS,NA
Streetcar,2024-07-27,Saturday,South,13,32,YORKDALE,510
Bus,2024-07-23,Tuesday,West,28,14,DUNDAS,NA
Streetcar,2024-06-22,Saturday,West,11,31,DUNDAS,501
Bus,2024-10-06,Sunday,East,29,27,DUNDAS,NA
Streetcar,2024-03-14,Thursday,North,43,28,YORKDALE,OTHER
Subway,2024-05-19,Sunday,West,0,19,DUNDAS,NA
Bus,2024-08-29,Thursday,East,12,14,OTHER,NA
Subway,2024-01-01,Monday,West,0,18,DUNDAS,NA
Bus,2024-08-25,Sunday,West,3,30,OTHER,NA
Bus,2024-01-03,Wednesday,West,7,8,DUNDAS,NA
Streetcar,2024-07-24,Wednesday,East,16,41,OTHER,510
Bus,2024-08-07,Wednesday,West,19,24,YORKDALE,NA
Streetcar,2024-06-05,Wednesday,South,14,16,YORKDALE,OTHER
Bus,2024-07-29,Monday,East,3,11,DUNDAS,NA
Bus,2024-05-31,Friday,North,14,15,DUNDAS,NA
Subway,2024-04-22,Monday,West,5,14,DUNDAS,NA
Subway,2024-07-16,Tuesday,North,18,13,DUNDAS,NA
Bus,2024-01-11,Thursday,South,2,16,DUNDAS,NA
Streetcar,2024-05-13,Monday,East,38,39,DUNDAS,501
Bus,2024-01-27,Saturday,West,32,21,YORKDALE,NA
Subway,2024-04-22,Monday,South,16,15,DUNDAS,NA
Streetcar,2024-07-19,Friday,West,33,19,DUNDAS,510
Streetcar,2024-07-07,Sunday,South,1,35,DUNDAS,510
Subway,2024-04-21,Sunday,South,1,15,OTHER,NA
Streetcar,2024-03-08,Friday,South,4,42,OTHER,510
Bus,2024-10-14,Monday,South,11,10,OTHER,NA
Bus,2024-03-08,Friday,South,11,26,DUNDAS,NA
Bus,2024-07-28,Sunday,South,1,25,DUNDAS,NA
Subway,2024-02-22,Thursday,East,22,20,DUNDAS,NA
Subway,2024-08-28,Wednesday,East,2,8,DUNDAS,NA
Streetcar,2024-01-04,Thursday,North,4,21,YORKDALE,501
Streetcar,2024-03-20,Wednesday,East,4,19,YORKDALE,510
Streetcar,2024-07-22,Monday,East,45,18,YORKDALE,OTHER
Bus,2024-03-01,Friday,North,16,14,DUNDAS,NA
Bus,2024-05-28,Tuesday,West,3,5,DUNDAS,NA
Streetcar,2024-10-26,Saturday,South,13,30,DUNDAS,OTHER
Bus,2024-04-01,Monday,West,2,19,DUNDAS,NA
Bus,2024-06-26,Wednesday,West,4,24,YORKDALE,NA
Bus,2024-01-07,Sunday,East,24,5,DUNDAS,NA
Streetcar,2024-04-14,Sunday,West,30,29,OTHER,OTHER
Streetcar,2024-02-13,Tuesday,South,19,36,DUNDAS,510
Bus,2024-03-14,Thursday,West,10,11,DUNDAS,NA
Bus,2024-06-30,Sunday,West,0,15,OTHER,NA
Bus,2024-01-16,Tuesday,South,17,8,OTHER,NA
Streetcar,2024-08-13,Tuesday,West,6,32,OTHER,501
Subway,2024-10-10,Thursday,East,28,15,OTHER,NA
Streetcar,2024-10-24,Thursday,West,35,29,YORKDALE,510
Streetcar,2024-04-02,Tuesday,South,19,44,YORKDALE,510
Bus,2024-07-18,Thursday,East,10,15,YORKDALE,NA
Bus,2024-07-19,Friday,South,5,6,YORKDALE,NA
Bus,2024-10-04,Friday,South,2,29,DUNDAS,NA
Bus,2024-08-09,Friday,West,0,30,OTHER,NA
Bus,2024-08-25,Sunday,North,18,27,DUNDAS,NA
Subway,2024-09-20,Friday,East,3,9,DUNDAS,NA
Subway,2024-08-30,Friday,North,37,9,YORKDALE,NA
Bus,2024-03-20,Wednesday,South,14,14,DUNDAS,NA
Bus,2024-04-27,Saturday,East,33,25,YORKDALE,NA
Streetcar,2024-07-15,Monday,West,12,33,DUNDAS,510
Bus,2024-06-24,Monday,West,11,18,DUNDAS,NA
Streetcar,2024-10-07,Monday,West,13,38,DUNDAS,510
Subway,2024-01-28,Sunday,South,28,8,DUNDAS,NA
Bus,2024-05-16,Thursday,East,2,11,OTHER,NA
Bus,2024-03-12,Tuesday,East,29,20,YORKDALE,NA
Bus,2024-10-05,Saturday,South,6,26,YORKDALE,NA
Bus,2024-01-29,Monday,South,2,12,DUNDAS,NA
Streetcar,2024-10-11,Friday,West,9,30,OTHER,510
Bus,2024-08-04,Sunday,East,5,29,DUNDAS,NA
Bus,2024-01-02,Tuesday,South,24,12,DUNDAS,NA
Subway,2024-07-16,Tuesday,South,31,6,YORKDALE,NA
Bus,2024-02-22,Thursday,East,19,8,DUNDAS,NA
Subway,2024-05-20,Monday,South,8,16,OTHER,NA
Streetcar,2024-03-21,Thursday,East,2,39,DUNDAS,OTHER
Bus,2024-04-29,Monday,East,13,13,YORKDALE,NA
Streetcar,2024-03-01,Friday,North,8,39,YORKDALE,510
Streetcar,2024-09-27,Friday,North,2,28,DUNDAS,501
Subway,2024-07-21,Sunday,South,11,9,YORKDALE,NA
Subway,2024-09-11,Wednesday,East,8,20,DUNDAS,NA
Streetcar,2024-10-16,Wednesday,East,11,36,DUNDAS,510
Bus,2024-06-29,Saturday,West,5,11,DUNDAS,NA
Streetcar,2024-07-24,Wednesday,North,16,41,OTHER,510
Bus,2024-02-19,Monday,North,3,15,DUNDAS,NA
Bus,2024-04-13,Saturday,South,14,15,DUNDAS,NA
Subway,2024-08-20,Tuesday,North,6,13,DUNDAS,NA
Bus,2024-10-11,Friday,North,1,13,YORKDALE,NA
Bus,2024-07-18,Thursday,South,4,13,YORKDALE,NA
Streetcar,2024-08-11,Sunday,North,8,12,YORKDALE,510
Subway,2024-02-11,Sunday,West,23,12,YORKDALE,NA
Bus,2024-07-03,Wednesday,West,17,20,OTHER,NA
Bus,2024-07-05,Friday,South,0,28,YORKDALE,NA
Streetcar,2024-05-04,Saturday,East,3,18,OTHER,501
Bus,2024-06-16,Sunday,East,3,8,YORKDALE,NA
Streetcar,2024-08-18,Sunday,West,2,43,OTHER,OTHER
Bus,2024-10-02,Wednesday,West,0,12,OTHER,NA
Bus,2024-04-05,Friday,East,3,29,YORKDALE,NA
Streetcar,2024-01-10,Wednesday,South,14,36,OTHER,OTHER
Subway,2024-03-11,Monday,East,13,15,YORKDALE,NA
Streetcar,2024-10-11,Friday,North,7,32,YORKDALE,501
Bus,2024-09-03,Tuesday,North,4,19,DUNDAS,NA
Bus,2024-10-03,Thursday,North,2,10,YORKDALE,NA
Subway,2024-04-15,Monday,South,4,7,YORKDALE,NA
Streetcar,2024-06-14,Friday,North,20,25,OTHER,510
Subway,2024-06-08,Saturday,North,2,17,YORKDALE,NA
Bus,2024-01-22,Monday,East,9,25,DUNDAS,NA
Streetcar,2024-06-26,Wednesday,South,24,19,OTHER,OTHER
Subway,2024-03-04,Monday,West,16,8,YORKDALE,NA
Bus,2024-04-16,Tuesday,North,14,16,DUNDAS,NA
Streetcar,2024-03-14,Thursday,West,4,12,OTHER,510
Bus,2024-06-13,Thursday,South,20,5,DUNDAS,NA
Streetcar,2024-01-29,Monday,West,8,29,OTHER,510
Bus,2024-03-30,Saturday,East,8,7,DUNDAS,NA
Subway,2024-09-24,Tuesday,South,3,16,DUNDAS,NA
Streetcar,2024-07-30,Tuesday,West,3,17,OTHER,OTHER
Streetcar,2024-05-09,Thursday,West,43,33,OTHER,510
Bus,2024-09-03,Tuesday,West,11,29,YORKDALE,NA
Streetcar,2024-02-05,Monday,North,19,36,OTHER,501
Subway,2024-04-07,Sunday,West,19,18,YORKDALE,NA
Bus,2024-04-13,Saturday,West,10,7,YORKDALE,NA
Bus,2024-03-09,Saturday,East,3,10,OTHER,NA
Bus,2024-09-08,Sunday,South,23,7,YORKDALE,NA
Streetcar,2024-05-07,Tuesday,West,9,30,YORKDALE,OTHER
Subway,2024-03-05,Tuesday,South,6,8,OTHER,NA
Bus,2024-10-13,Sunday,North,53,20,DUNDAS,NA
Bus,2024-06-12,Wednesday,East,8,19,DUNDAS,NA
Bus,2024-03-24,Sunday,North,8,17,DUNDAS,NA
Subway,2024-03-20,Wednesday,North,3,8,DUNDAS,NA
Bus,2024-10-15,Tuesday,South,7,18,DUNDAS,NA
Subway,2024-05-19,Sunday,West,4,19,DUNDAS,NA
Bus,2024-03-28,Thursday,East,2,13,DUNDAS,NA
Bus,2024-09-23,Monday,East,5,28,DUNDAS,NA
Subway,2024-02-12,Monday,West,1,18,YORKDALE,NA
Streetcar,2024-05-12,Sunday,West,62,19,YORKDALE,OTHER
Bus,2024-09-15,Sunday,South,21,20,OTHER,NA
Bus,2024-03-25,Monday,East,11,11,YORKDALE,NA
Subway,2024-08-10,Saturday,North,19,7,YORKDALE,NA
Subway,2024-08-30,Friday,North,3,4,DUNDAS,NA
Bus,2024-10-02,Wednesday,West,21,5,OTHER,NA
Bus,2024-09-11,Wednesday,West,21,11,YORKDALE,NA
Bus,2024-01-27,Saturday,West,11,20,YORKDALE,NA
Bus,2024-03-17,Sunday,West,4,29,OTHER,NA
Bus,2024-05-19,Sunday,South,1,13,OTHER,NA
Bus,2024-04-13,Saturday,South,13,19,DUNDAS,NA
Bus,2024-03-02,Saturday,West,4,9,OTHER,NA
Bus,2024-08-22,Thursday,West,1,30,YORKDALE,NA
Bus,2024-02-18,Sunday,West,3,10,DUNDAS,NA
Streetcar,2024-07-28,Sunday,North,0,44,OTHER,501
Streetcar,2024-05-03,Friday,West,2,37,OTHER,510
Bus,2024-01-15,Monday,North,21,9,YORKDALE,NA
Streetcar,2024-06-10,Monday,West,11,22,DUNDAS,510
Streetcar,2024-05-12,Sunday,South,5,31,YORKDALE,510
Bus,2024-08-17,Saturday,East,4,28,OTHER,NA
Bus,2024-10-26,Saturday,East,22,15,DUNDAS,NA
Streetcar,2024-09-14,Saturday,North,6,29,OTHER,501
Bus,2024-04-26,Friday,North,1,19,OTHER,NA
Streetcar,2024-09-04,Wednesday,East,18,30,DUNDAS,501
Bus,2024-09-08,Sunday,South,14,6,DUNDAS,NA
Bus,2024-06-07,Friday,East,14,22,DUNDAS,NA
Bus,2024-04-13,Saturday,East,2,9,DUNDAS,NA
Subway,2024-05-01,Wednesday,South,16,12,OTHER,NA
Bus,2024-07-12,Friday,South,3,19,YORKDALE,NA
Bus,2024-02-26,Monday,North,8,23,DUNDAS,NA
Bus,2024-04-10,Wednesday,East,24,16,OTHER,NA
Bus,2024-08-08,Thursday,East,8,17,DUNDAS,NA
Bus,2024-04-14,Sunday,West,7,8,OTHER,NA
Streetcar,2024-04-20,Saturday,West,16,34,YORKDALE,510
Subway,2024-04-06,Saturday,East,20,15,DUNDAS,NA
Bus,2024-08-05,Monday,North,2,15,YORKDALE,NA
Bus,2024-06-15,Saturday,South,13,11,OTHER,NA
Subway,2024-03-17,Sunday,West,1,17,DUNDAS,NA
Streetcar,2024-07-01,Monday,North,25,17,DUNDAS,510
Bus,2024-03-04,Monday,South,8,18,DUNDAS,NA
Subway,2024-01-20,Saturday,North,8,10,OTHER,NA
Bus,2024-06-28,Friday,South,12,22,DUNDAS,NA
Bus,2024-09-01,Sunday,South,3,5,DUNDAS,NA
Subway,2024-01-20,Saturday,North,5,13,DUNDAS,NA
Streetcar,2024-05-16,Thursday,South,11,17,OTHER,501
Subway,2024-03-01,Friday,West,14,10,YORKDALE,NA
Streetcar,2024-08-21,Wednesday,South,9,31,OTHER,OTHER
Subway,2024-06-26,Wednesday,South,10,20,OTHER,NA
Subway,2024-10-24,Thursday,West,10,9,YORKDALE,NA
Bus,2024-07-12,Friday,East,7,29,DUNDAS,NA
Streetcar,2024-06-17,Monday,North,10,16,YORKDALE,510
Bus,2024-10-25,Friday,South,25,25,DUNDAS,NA
Streetcar,2024-10-25,Friday,North,4,15,YORKDALE,510
Bus,2024-02-15,Thursday,North,32,12,YORKDALE,NA
Subway,2024-07-30,Tuesday,North,20,10,OTHER,NA
Bus,2024-01-12,Friday,West,10,23,OTHER,NA
Bus,2024-09-02,Monday,South,5,22,DUNDAS,NA
Bus,2024-09-12,Thursday,West,1,11,OTHER,NA
Streetcar,2024-04-09,Tuesday,East,28,12,YORKDALE,510
Bus,2024-05-06,Monday,North,13,27,YORKDALE,NA
Subway,2024-09-16,Monday,East,5,9,YORKDALE,NA
Streetcar,2024-08-06,Tuesday,West,12,12,YORKDALE,510
Streetcar,2024-05-02,Thursday,North,2,44,OTHER,501
Bus,2024-07-18,Thursday,North,24,24,OTHER,NA
Bus,2024-03-19,Tuesday,North,0,18,OTHER,NA
Bus,2024-05-14,Tuesday,South,6,7,YORKDALE,NA
Subway,2024-08-23,Friday,South,21,10,OTHER,NA
Bus,2024-09-20,Friday,North,15,21,OTHER,NA
Streetcar,2024-01-14,Sunday,North,2,39,YORKDALE,OTHER
Subway,2024-09-05,Thursday,East,9,14,DUNDAS,NA
Subway,2024-09-02,Monday,West,18,15,DUNDAS,NA
Streetcar,2024-02-23,Friday,East,18,41,OTHER,510
Bus,2024-06-25,Tuesday,West,7,10,OTHER,NA
Bus,2024-05-19,Sunday,West,1,18,OTHER,NA
Subway,2024-04-22,Monday,North,42,7,OTHER,NA
Streetcar,2024-09-04,Wednesday,East,38,11,DUNDAS,510
Streetcar,2024-03-03,Sunday,East,13,17,OTHER,OTHER
Streetcar,2024-01-04,Thursday,West,64,29,OTHER,510
Bus,2024-03-16,Saturday,East,3,19,OTHER,NA
Bus,2024-06-04,Tuesday,East,2,6,YORKDALE,NA
Streetcar,2024-06-23,Sunday,West,8,24,YORKDALE,510
Streetcar,2024-01-13,Saturday,South,0,42,YORKDALE,510
